{ "_default": {},
  "_file_info": { "1": { "cal_type": "energy",
                         "created_gmt": "08/09/2020, 17:34:28",
                         "input_table": "/ORSIS3302DecoderForEnergy/dsp",
                         "system": "cage"}},
  "peakdet_trapEmax": { "1": {"lcpass": "True", "lincal": 0.2911410064773293, "run": "11", "tsgen": 1596996337},
                        "2": {"lcpass": "True", "lincal": 0.33678386167146973, "run": "14", "tsgen": 1597773153}},
  "peakfit_trapEmax": { "1": { "Afano": 0.08083534233417751,
                               "Anoise": 0.32915229173274807,
                               "Aqcol": 0.002709489030753475,
                               "cal0": -1.0575736132840963e-07,
                               "cal1": 0.2916039490534601,
                               "cal2": -0.6551342359107366,
                               "run": "11",
                               "tsgen": 1596999275,
                               "unc0": 1.5699515959883216e-08,
                               "unc1": 9.675154027338447e-05,
                               "unc2": 0.11049540887573892},
                        "2": { "Afano": 0.09702508850361255,
                               "Anoise": -7.447425357368992e-05,
                               "Aqcol": 0.0025928858541663146,
                               "cal0": -7.018764893807275e-08,
                               "cal1": 0.33721057318123826,
                               "cal2": -0.5827910043262818,
                               "run": "14",
                               "tsgen": 1597773274,
                               "unc0": 8.922263684293905e-09,
                               "unc1": 4.249674067452501e-05,
                               "unc2": 0.0393912912208388}}}