{ "_default": {},
  "_file_info": { "1": { "cal_type": "energy",
                         "created_gmt": "08/09/2020, 17:34:28",
                         "input_table": "/ORSIS3302DecoderForEnergy/dsp",
                         "system": "cage"}},
  "peakdet_trapEmax": { "1": {"lcpass": "True", "lincal": 0.2911410064773293, "run": "11", "tsgen": 1596996337},
                        "2": {"lcpass": "True", "lincal": 0.33678386167146973, "run": "14", "tsgen": 1597773153},
                        "3": {"lcpass": "True", "lincal": 0.3306847764572722, "run": "15", "tsgen": 1597905624},
                        "4": {"lcpass": "True", "lincal": 0.33600920069005175, "run": "16", "tsgen": 1597905635}},
  "peakfit_trapEmax": { "1": { "Afano": 0.08083534233417751,
                               "Anoise": 0.32915229173274807,
                               "Aqcol": 0.002709489030753475,
                               "cal0": -1.0575736132840963e-07,
                               "cal1": 0.2916039490534601,
                               "cal2": -0.6551342359107366,
                               "run": "11",
                               "tsgen": 1596999275,
                               "unc0": 1.5699515959883216e-08,
                               "unc1": 9.675154027338447e-05,
                               "unc2": 0.11049540887573892},
                        "2": { "Afano": 0.09702508850361255,
                               "Anoise": -7.447425357368992e-05,
                               "Aqcol": 0.0025928858541663146,
                               "cal0": -7.018764893807275e-08,
                               "cal1": 0.33721057318123826,
                               "cal2": -0.5827910043262818,
                               "run": "14",
                               "tsgen": 1597773274,
                               "unc0": 8.922263684293905e-09,
                               "unc1": 4.249674067452501e-05,
                               "unc2": 0.0393912912208388},
                        "3": { "Afano": 0.12900384508257057,
                               "Anoise": 5.071645523419295,
                               "Aqcol": 1.6346868119569127e-07,
                               "cal0": -2.0818515673003135e-07,
                               "cal1": 0.3324380755540659,
                               "cal2": -2.9650372676405823,
                               "run": "15",
                               "tsgen": 1597905787,
                               "unc0": 4.4184968996196526e-08,
                               "unc1": 0.00025923602397356097,
                               "unc2": 0.3015358296499618},
                        "4": { "Afano": 0.1505599693018112,
                               "Anoise": 0.00029783268772375353,
                               "Aqcol": 0.0031962392629867067,
                               "cal0": -2.2847658208381347e-07,
                               "cal1": 0.33740682979869163,
                               "cal2": -1.1093633821037656,
                               "run": "16",
                               "tsgen": 1597905798,
                               "unc0": 3.437459989272793e-08,
                               "unc1": 0.00018493557792158592,
                               "unc2": 0.18221615132404062}}}