{ "_file_info": { "1": { "cal_type": "energy",
                         "created_gmt": "01/22/2021, 05:15:38",
                         "input_table": "/ORSIS3302DecoderForEnergy/dsp",
                         "system": "cage"}},
  "peakdet_trapEmax": { "1": { "calpass": 1.0,
                               "cychi": 889.0,
                               "cyclo": 880.0,
                               "pol0": 0.0,
                               "pol1": 0.36451653150343105,
                               "run": 66.0,
                               "runtime": 299.8561205073331}},
  "peakfit_trapEmax": { "1": { "Afano": 4.913360217675394e-05,
                               "Anoise": 2.4779048070715946,
                               "Aqcol": 0.0031749678036287463,
                               "cal0": 56.57976465260799,
                               "cal1": 0.5100478308174097,
                               "cal2": -3.756582624525606e-06,
                               "cychi": 1206.0,
                               "cyclo": 1197.0,
                               "run": "117",
                               "runtime": 289.8982944426665,
                               "unc0": 0.06945919507936092,
                               "unc1": 5.538190638242553e-05,
                               "unc2": 1.0329659331873538e-08}},
  "peakinp_trapEmax": { "1": { "calpass": 1.0,
                               "cychi": 1206.0,
                               "cyclo": 1197.0,
                               "pol0": 56.57976465261716,
                               "pol1": 0.5100478308174028,
                               "pol2": -3.7565826245235615e-06,
                               "run": 117.0,
                               "runtime": 289.8982944426665}}}