{"_default":{},"cal_pass1":{"1":{"ds":3,"p1cal":0.5585151711,"p1std":0.0021337181}},"cal_pass2":{"1":{"e_fit":1461.6114287128,"fwhm":8.1806886403,"chisq_ndf":2.4949221967,"ds":3,"e_peak":1460.8,"e_fit_208Tl":2615.2366285397,"fwhm_208Tl":9.4998439081,"chisq_ndf_208Tl":0.8834291092,"e_fit_40K":1461.6114287128,"fwhm_40K":8.1806886403,"chisq_ndf_40K":2.4949221967}}}