{"_default":{},"cal_pass1":{"1":{"ds":3,"p1cal":0.5585151711,"p1std":0.0021337181}}}